step	accuracy
0	0.5786290168762207
1	0.6537298560142517
2	0.7106854915618896
3	0.7121976017951965
4	0.711693525314331
5	0.742943525314331
6	0.7096773982048035
7	0.710181474685669
8	0.7444556355476379
9	0.7474798560142517
