step	accuracy
0	0.5
1	0.5447916388511658
2	0.6260416507720947
3	0.6932291388511658
4	0.6651041507720947
