step	loss
0	0.6836050748825073
1	0.6748801469802856
2	0.6450749039649963
3	0.5869015455245972
4	0.6100629568099976
