step	loss
0	0.661020040512085
1	0.6115260720252991
2	0.5628434419631958
3	0.555210530757904
4	0.5609829425811768
5	0.5350936055183411
6	0.565183699131012
7	0.5682626962661743
8	0.5277250409126282
9	0.509644091129303
