step	accuracy
0	0.5060975551605225
1	0.5749492049217224
2	0.6082317233085632
3	0.6323679089546204
4	0.6692073345184326
