step	accuracy
0	0.5668749809265137
1	0.640874981880188
2	0.6551250219345093
3	0.659500002861023
4	0.6825000047683716
5	0.7005000114440918
6	0.7049999833106995
7	0.7113749980926514
8	0.6996250152587891
9	0.7233750224113464
