step	loss
0	0.8347732424736023
1	0.673251748085022
2	0.6533983945846558
3	0.6364498138427734
4	0.6031509041786194
